OBJECTID,JURISDICT_SYST_ID,JURISDICT_TYPE_CD,JURISDICT_LABEL_NM,JURISDICT_NM,JURISDICT_DESG_CD,JURISDICT_FIPS_DESG_CD,JURISDICT_VACATED_FLG,EDIT_DATE,EDIT_STATUS,EDIT_WHO
2480,25,4,Grant,Grant County,13,53025,,2018/03/14 17:26:49+00,1,TSTE490
2492,15,4,Lincoln,Lincoln County,22,53043,,2015/09/02 11:17:58+00,1,JDUG490
5506,26,4,Whitman,Whitman County,38,53075,,2018/03/14 17:26:50+00,1,TSTE490
5508,36,4,Cowlitz,Cowlitz County,8,53015,,2018/03/14 17:26:50+00,1,TSTE490
6670,16,4,Chelan,Chelan County,4,53007,,2017/12/13 11:57:26+00,1,TSTE490
6773,28,4,Pacific,Pacific County,25,53049,,2018/03/14 17:26:50+00,1,TSTE490
7035,8,4,Island,Island County,15,53029,,2018/03/14 17:26:49+00,1,TSTE490
7477,33,4,Garfield,Garfield County,12,53023,,2018/03/14 17:26:50+00,1,TSTE490
7665,30,4,Wahkiakum,Wahkiakum County,35,53069,,2014/10/27 17:28:46+00,1,JDUG490
7674,12,4,Jefferson,Jefferson County,16,53031,,2019/09/18 17:14:10+00,1,TSTE490
7721,35,4,Walla Walla,Walla Walla County,36,53071,,2015/10/14 11:25:19+00,1,JDUG490
7730,7,4,Clallam,Clallam County,5,53009,,2018/03/14 17:26:49+00,1,TSTE490
7744,34,4,Columbia,Columbia County,7,53013,,2015/10/14 11:25:20+00,1,JDUG490
7749,3,4,San Juan,San Juan County,28,53055,,2018/03/14 17:26:50+00,1,TSTE490
7797,39,4,Skamania,Skamania County,30,53059,,2019/04/10 17:09:19+00,1,TSTE490
7806,29,4,Franklin,Franklin County,11,53021,,2015/08/27 12:06:01+00,1,JDUG490
7829,18,4,Mason,Mason County,23,53045,,2019/09/11 17:11:46+00,1,TSTE490
7839,22,4,Kittitas,Kittitas County,19,53037,,2018/03/14 17:26:49+00,1,TSTE490
7893,17,4,Douglas,Douglas County,9,53017,,2018/01/24 17:26:27+00,1,TSTE490
7900,38,4,Klickitat,Klickitat County,20,53039,,2018/03/21 16:23:19+00,1,TSTE490
7901,37,4,Benton,Benton County,3,53005,,2018/03/21 16:23:19+00,1,TSTE490
7902,31,4,Yakima,Yakima County,39,53077,,2018/03/21 16:23:19+00,1,TSTE490
7931,4698173,4,Stevens,Stevens County,33,53065,,2020/03/11 15:17:11+00,0,TSTE490
7940,4692894,4,Thurston,Thurston County,34,53067,,2019/09/25 17:16:45+00,0,TSTE490
7943,27,4,Lewis,Lewis County,21,53041,,2019/09/25 17:16:45+00,1,TSTE490
7945,23,4,Adams,Adams County,1,53001,,2018/03/14 17:26:50+00,1,TSTE490
7965,19,4,King,King County,17,53033,,2018/11/07 17:21:32+00,1,TSTE490
7991,32,4,Asotin,Asotin County,2,53003,,2018/03/14 17:26:50+00,1,TSTE490
8012,14,4,Spokane,Spokane County,32,53063,,2020/03/11 15:17:11+00,1,TSTE490
8018,4690632,4,Whatcom,Whatcom County,37,53073,,2020/03/11 15:17:11+00,0,TSTE490
8026,4690635,4,Okanogan,Okanogan County,24,53047,,2019/10/02 17:17:56+00,0,TSTE490
8029,9,4,Ferry,Ferry County,10,53019,,2019/10/02 17:17:56+00,1,TSTE490
8080,4698174,4,Pend Oreille,Pend Oreille County,26,53051,,2019/10/02 17:17:56+00,0,TSTE490
8082,4692563,4,Pierce,Pierce County,27,53053,,2019/05/22 17:24:58+00,0,TSTE490
8084,4698638,4,Kitsap,Kitsap County,18,53035,,2019/05/22 17:24:58+00,1,TSTE490
8089,20,4,Grays Harbor,Grays Harbor County,14,53027,,2019/02/21 17:02:26+00,1,TSTE490
8091,4,4,Skagit,Skagit County,29,53057,,2020/03/05 08:28:39+00,1,TSTE490
8092,11,4,Snohomish,Snohomish County,31,53061,,2020/03/05 08:28:39+00,1,TSTE490
8097,40,4,Clark,Clark County,6,53011,,2019/04/10 17:09:19+00,1,TSTE490
